"I'd be interested to hear from authors that used this type of service, and from reviewers. Makes me curious whether this is a first step toward a future where reviewers are made blind to most journals. #AcademicTwitter",Neutral
"Hi guys! If you need any help with acads, essays, modules, and more, send me a DM! We're open for commissions and rush is open! #Essays #essayhelp #essaywriting #AcademicChatter #AcademicTwitter #AcademicMentalHealth #Acadscommission #HelpIsHere #Help",Positive
Good morning! We're open for commissions! Rush slots are also open. #commissionsopen #commissions #Rush #AcademicTwitter #Acadscommission #academicwriting #acads #Essays #WritingCommnunity #modules #higschool #college,Positive
"Considering taking students in my Mass Atrocity Prevention course to Washington DC this Spring, health &amp; safety permitting üò∑ Does anyone on here have a contact with the @NMAAHC to discuss more about visitor engagement? #AcademicTwitter",Neutral
"#acwrimo Day 16: Today was a really weird day. I am progressing with a train of thought, and it feels good to see it on the page finally.

Start: 10,402 words
Finish: 10,673 words

#AcWriMo2021 #phdchat #phdlife #amwriting #phdvoice #AcademicTwitter #Acad",Positive
RT @realteaching101: Is a post on social media about social media a type of inception? ü§∑üèº‚Äç‚ôÄÔ∏è Come listen in to our conversation about stude‚Ä¶,Neutral
.@USNRL is featured in @tandfonline‚Äôs Weatherwise to discuss pyroCbs. https://t.co/ChE7FRhgad #AcademicTwitter #meteorology,Neutral
"RT @acadcuemmission: hello! it's Cue. üé´ I am open from 8:00 AM - 12:00 AM everyday which also may vary. ü•∞ 

tags: academic commissioner, ac‚Ä¶",Positive
So #AcademicTwitter: Did the pandemic and Zoom year finally kill note-taking among our undergrads?,Negative
RT @KCompitus: My book is finally available for purchase! Help an early career academic out. :)  #academictwitter #humananimalbond #animalw‚Ä¶,Positive
"RT @tullyme: I'm teaching a new grad seminar on ""mixed methods research and design"" next semester and would love recommendations from #jour‚Ä¶",Positive
"@MasonAOES is hiring a low temp geochemist and the application deadline has been extended to 11/30. Please share :)
#academicjobs #AcademicTwitter https://t.co/NlLBgabn9n",Neutral
"RT @JLunaAcadServer: Premium accounts offered by JLuna Premsüíï

Dm for inquiries‚ò∫Ô∏è

Telegram : @JLuna_Prems

#premiumaccounts #iwanttfc #Spo‚Ä¶",Neutral
"RT @casualganpapers: While you wait for Overleaf to come back online in time for #CVPR deadlines read the paper digest for MAE

Masked Auto‚Ä¶",Neutral
RT @UBCAcademicJobs: Master's project: Postdoctoral Fellow: Single-molecule microscopy of RNA-based medicines and vaccines - apply by 15 Ma‚Ä¶,Neutral
"RT @PiersatPenn: Boccaccio, 4 weeks before the end of term. 

#AcademicTwitter #medievaltwitter https://t.co/ofoDHD6Dbs",Neutral
Is a post on social media about social media a type of inception? ü§∑üèº‚Äç‚ôÄÔ∏è Come listen in to our conversation about students and social media! #SocialMedia #edutwitter #edchat #AcademicTwitter #edtech https://t.co/cOL3GvLDVs,Neutral
RT @totorom03: Best thing in grad school is the friendship that you have found within your classmates! #phdchat #AcademicTwitter #gradschool,Positive
"RT @UBCGradSchool: Master's opportunity ‚ö†
Postdoctoral Fellow: Single-molecule microscopy of RNA-based medicines and vaccines  - apply by 1‚Ä¶",Neutral
"RT @testeeves: Please RT! üôèüèº 

Kia ora #ScienceTwitter #AcademicTwitter hoping you can help me out? I'm keen to credit the author of a bril‚Ä¶",Neutral
"RT @SnowLeopardNet: SLN will close the Training Initiative this year with a module specially requested by members:
üìù**Grant and Report Writ‚Ä¶",Neutral
"Please RT! üôèüèº 

Kia ora #ScienceTwitter #AcademicTwitter hoping you can help me out? I'm keen to credit the author of a brilliant tweet about #HarvestGrantsüë©üèº‚Äçüåæ to support the completion of cool research. Think the suggestion was instead of #SeedGran",Positive
RT @BandeljNina: We all can benefit from having not just one guru but multiple mentors. Big thanks to mentors and let's continue to pay it‚Ä¶,Positive
"RT @Dr_Meming: Way more fun 

@OpenAcademics @AcademicChatter #academictwitter https://t.co/nNA56icXHv",Positive
"SCIENCE INVESTIGATORY PROJECT PART 1, DONE ‚úî  #commissionsopen #studytwtph #AcademicTwitter https://t.co/lbT8CJzm6e",Neutral
"RT @vincengyu: In this @socscimed piece, Gideon &amp; I introduce the concept of pharmaceutical messianism: how, by a confluence of crisis, cul‚Ä¶",Negative
"RT @bcserrano: Can we have ""Cis Accountability"" instead of ""Trans Awareness?"" 

#trans #phdchat #phdlife #AcademicTwitter #AcademicChatter‚Ä¶",Negative
"RT @drbenjamintyler: Currently. 

Photo by @melnickjeffrey1 

#AcademicTwitter https://t.co/1VFaBFiPw3",Neutral
"RT @joanneXaugust: Group work in an online program

#RStats #AcademicTwitter #phdchat  #DataScience https://t.co/qLlo71YcOP",Neutral
RT @JonathanHsy: Hey #DisabilityTwitter #AcademicTwitter check out this thread and/or contact @greenberglyons who is developing a survey fo‚Ä¶,Neutral
RT @dasaptaerwin: Just to keep the spirit from @OpenScienceSEA alive. Here‚Äôs my #sketchnote from Prof @ZakriZAH talk. @OpenSciTalk #academi‚Ä¶,Positive
"RT @virtualnotviral: PAUSE

A pause, a walk, or some silence can help the words flow. If you have been stuck, have some alone time, and see‚Ä¶",Neutral
"RT @DrBlankson: My #BlackInDataJourney includes bringing others along.

PAID summer 2022 research opp.
@NSF REU Site in #statistics #BigDat‚Ä¶",Positive
"Group work in an online program

#RStats #AcademicTwitter #phdchat  #DataScience https://t.co/qLlo71YcOP",Neutral
"‚è≥to our @HBPRCA #Hypertension MasterClass @RACGP accredited on #ClinicalPractice next week!

 üëáPls join us #MedTwitter #CardioTwitter #NephTwitter #AcademicTwitter 

Still time for free registration thanks to support from @Servier 

@thecsanz @worldheart",Neutral
"RT @theNdifrekeOkon: ‚ÄúIn stagnant moments of little hope, take action.‚Äù - Ndifreke S. Okon

#education
#literacy
#edutwitter
#read
#write
#‚Ä¶",Positive
"‚ÄúIn stagnant moments of little hope, take action.‚Äù - Ndifreke S. Okon

#education
#literacy
#edutwitter
#read
#write
#code
#script
#program
#application
#teacher
#student
#professor
#scholar
#AcademicTwitter
#softwaredevelopment
#technology",Positive
"Want to feel old? Open your #GoogleScholar profile on your phone and see if you have to scroll from left to right to see all the years you've published üôÉ
#AcademicTwitter #AcademicChatter",Negative
"Hi #AcademicTwitter As new PhD students are arriving for their journeys, can we share some of the forms of #harassment and #abuse they shouldn‚Äôt tolerate? I realise I didn‚Äôt know how to spot abuse in academia and had to lead the hard way. @PhDVoice @ZJAyr",Negative
"RT @JordanHHartman: A lot of students (myself included) struggle to establish that routine when working in the lab/field, taking classes, e‚Ä¶",Negative
"RT @hanacthompson: Has anyone participated in a mental health workshop @ your university (as student, faculty, or staff) that you found to‚Ä¶",Neutral
RT @DrLauraLiteracy: Calling all #NorthCarolina  #K12 #teachers who have been through culturally responsive or equity focused initiatives/P‚Ä¶,Neutral
"RT @GutsyCiCi: I am really taken aback by how much of my dissertation won't type itself. ü§î

#AcademicTwitter @OpenAcademics #AcademicChatte‚Ä¶",Negative
RT @DocPJHarvey: Check out my recent piece on @Medium . New research reveals coffee and tea drinking is positive for brain health https://t‚Ä¶,Positive
"RT @PiersatPenn: (Barely) holding it together...

#TuesdayFeeling #medievaltwitter #AcademicTwitter https://t.co/0pl9drkdfW",Negative
RT @ARPHAplatform: @ScholarlyPub @scholarlykitchn @Looptopper @BYU @hmirfanullah @ULABian @kawulf @JCBLibrary @TAC_NISO @NISOInfo #Copyrigh‚Ä¶,Neutral
"RT @temjinem: University of Arizona (https://t.co/1vKLAkrDOd), Fully Funded PhD in Biomedical Engineering https://t.co/YT9RS8IVGt (Fall 202‚Ä¶",Neutral
"How do our gender identities impact the work that's being done? üí≠ 

@DrRichReddick of @UTAustin shares his wisdom.

#EquityEdu #AcademicTwitter https://t.co/Wz6ViAIqNx",Neutral
"üìå reflection paper, poem, reaction paper, presentations, infographics, brochures, essay, poster, analysis, critique paper, modules, academic help, academic services, commissions, film analysis, script, pagawa, acad comms

#AcademicTwitter 
#academiccommi",Neutral
RT @KeithTse2: Delighted and honoured to have taken part in the #ScholarshipVS2021 event and to see so many important insights now in publi‚Ä¶,Positive
"RT @ADPerillo: What is that data programming software #AcademicTwitter always raves about?

R

What?

R

Ugh fine, what ARE that data progr‚Ä¶",Neutral
Delighted and honoured to have taken part in the #ScholarshipVS2021 event and to see so many important insights now in published form! #Academia #AcademicChatter #AcademicTwitter #Scholarship #Research #Researchers #ResearchImpact #ResearchFunding #Fundin,Positive
Marking. #AcademicTwitter,Neutral
I appreciate #AcademicTwitter discourse on these issues b/c it‚Äôs made me more mindful about when &amp; how I use assignments like this.,Positive
RT @SimoneKolysh: I have some spots in December if you want to participate in my research. #AcademicTwitter #midwifery #doulawork #reproduc‚Ä¶,Neutral
"""You do work a million times!""- 4yo

Yeah... It's time for a break.
#AcademicTwitter #phdlife #phdchat",Negative
"RT @WriterBradley04: For Genuine &amp; Professional Academic Help, Hit Me Up Anytime.
I am üíØ Legit and Reliable. I will always deliver Top-Notc‚Ä¶",Positive
"RT @WriterBradley04: For Genuine and Professional Academic Help, Hit Me Up Anytime.
I am üíØ Legit and Reliable. I will always deliver Top-No‚Ä¶",Positive
RT @StephShutt: Bonsoir #AcademicTwitter! Do I know anyone who knows any one at @univrouen (Rouen) or @Univ_Paris (Paris) who works in the‚Ä¶,Negative
"RT @WriterBradley04: Happy Client. You pay,,,I deliver..get good grades with professional help Asapüëçüëç. Get in Touch with the best Tutor thi‚Ä¶",Positive
"RT @WriterBradley04: You pay,,,I deliver..get good grades with professional help with Tutor Bradley..üëçüëç. Get the best Academic Help Service‚Ä¶",Positive
"RT @WriterBradley04: Hi, your Essay due matches my field of expertise. I guarantee original piece of work with no grammatical errors, spell‚Ä¶",Neutral
"RT @WriterBradley04: Hey Students, I Will Write a Top-Notch Quality Paper With ZERO PLAGIARISM. How Soon Do You Need it Done?
DM/Text/Whats‚Ä¶",Positive
"RT @WriterBradley04: Hey dear client, welcome to my Gig. Have you been searching all over for a highly rated writer who is professional &amp; d‚Ä¶",Neutral
"RT @WriterBradley04: Hello college students, Why get stressed up doing your assignments, essay/research paper? Hire me for help and I guara‚Ä¶",Negative
"RT @WriterBradley04: Hello Students, Are you struggling with Proctored Exams, assignments, deadlines, presentation n a busy life? Worry no‚Ä¶",Negative
"Check out my recent piece on @Medium . New research reveals coffee and tea drinking is positive for brain health https://t.co/GDdJDZj0RG 

#science #scicomm #AcademicChatter #AcademicTwitter @AusSMC",Positive
"I'm currently ploughing through #Ockham's Quodlibets.

It is a labor of love and necessity. 

Applause welcome! 

#philosophy
#doctorate
#academictwitter",Negative
"RT @WriterBradley04: Besides Helping Students Improve Knowledge, I Convey To Each Student My Desire To Make Learning Enjoyable To Everyone‚Ä¶",Positive
"RT @WriterBradley04: Hello esteemed Clients, I kindly request an opportunity to work on your assignment, given my EXCELLENT WRITING skills.‚Ä¶",Positive
"RT @WriterBradley04: Hey Students, I Write Assignments For Pay. Place Your Order Anytime &amp; Get a Chance to Redeem Your Grades. I Always Del‚Ä¶",Neutral
"RT @WriterBradley04: My Happy Clients Always Say Am üíØ Reliable &amp;  Legit Last Minute Savior. 
You Can As Well Be Part Of My Happy Clients No‚Ä¶",Positive
RT @WriterBradley04: Hi. Need assistance with your coursework? hmu I'm your best fit for genuine scholarly work. I promise you grade (A). I‚Ä¶,Neutral
"RT @adriana_humanes: What are the #EDI or #JEDI innitiatives at your University that have been successful, and this has been proven by thei‚Ä¶",Positive
RT @OpenAcademics: That‚Äôs me! I‚Äôm the ducküò©üòÇ #AcademicTwitter https://t.co/rdui97jDCg,Positive
RT @SamiaKabil1: More realistic than the picture ? I am trying to make it possible ! To the man of the year..of every year: @MyHafidElalamy‚Ä¶,Positive
"More realistic than the picture ? I am trying to make it possible ! To the man of the year..of every year: @MyHafidElalamy the best in #Morocco .
4h of work.. In progress..
#architect #art #architecturelovers #drawthisinyourstyle #draw #abstractart #100Da",Positive
RT @SabrinaCluesman: Hey #AcademicTwitter what are your favorite #LGBTQpolicy papers/books and who are your fave scholars in this area? I‚Äôm‚Ä¶,Neutral
"RT @zcooper373: I was cited for the first time!

It feels profoundly validating that someone would not only read my work but include it wit‚Ä¶",Positive
"RT @AltacJobs: üö®JOB ALERT - Editor - AMA - Robert Half (recruiter) - REMOTE

#altac #AcademicChatter #AcademicTwitter #phdchat #adjunct #po‚Ä¶",Neutral
"üö®JOB ALERT - Editor - AMA - Robert Half (recruiter) - REMOTE

#altac #AcademicChatter #AcademicTwitter #phdchat #adjunct #postdoc #hiring 
https://t.co/d3yEoOGWmb",Neutral
"RT @LizWFab: Potentially unpopular opinion: instead of accepting late work always and forever, we could help students learn to determine wh‚Ä¶",Negative
"RT @yagmur_erten: Mobility is fun and all, but juggling visas and permits not so much. Here I will list some of the frustrations I had in t‚Ä¶",Negative
"DM for exceptional essays and high grade research papers
#AcademicTwitter
#EssayPay
#Homeworkhelp
#amwriting
#PayEssay
#AssignmentHelp
#Paysomeone
#essayhelp
#Homework
#Onlineclass 
#Domyhomework
#EnglishClass
#essaywrite
#AssignmentDue
#EssayDue
#PayAssi",Neutral
"RT @Sophia_Brat: #ECR #Showcase in @Macquarie_Uni  is back again!
12 Finalists from 4 Faculties will present their #GroundBreaking research‚Ä¶",Positive
"RT @CWGAuthors: We are at the half-way mark of our #AcWriMo celebrations. There's still a lot on offer for you!

Know more here. üëâ https://‚Ä¶",Positive
"https://t.co/Wnyg33T6kH
My next episode will blend literature, film and philosophy: The Matrix

#AcademicTwitter #WritingCommunity #Philosophy #TheMatrixMovie",Neutral
RT @lisagiven: Here is the full special issue on #OpenAccess featuring my latest piece with @sarahpolk on supporting authors‚Äô needs @CAULal‚Ä¶,Neutral
Y'all Hmu for help with your assignments and essays #studenthelp #homweworkslave #AcademicTwitter #ecsu #MSU #utrgv #fullerton #unt #AAMU #PVAMU #GramFam #myasu #ncat #usahs #FAMU23 #fvsu #plnu #wssu #bgsu #UTSA #uncg #WVU #uwg #tsu #JSU #GSU #SELU #csu #,Neutral
"RT @Dr_Meming: Me after working from home for two days 

@OpenAcademics @AcademicChatter #academictwitter https://t.co/2MhVWeGDie",Negative
RT @DrPetra: This #AntiBullyingWeek let‚Äôs talk about bullying in academia. We know it happens. Many of us have witnessed it or been targete‚Ä¶,Negative
"RT @MonicaSager3: #Students can join the @Worcester_PL Wednesday nights to explore #STEM fields and gain hands on experience. 

@CMATownSqu‚Ä¶",Neutral
"What a fantastic article on the psychology behind meetings overload. Some amazing tips here for better communications and more effective interactions - An article for the bank! 
#PostdocLife #AcademicTwitter #academics https://t.co/JP2A4wuW1e",Positive
"RT @AbhiLenka11: Staggering numbers !! üò±

I hope the ‚Äúgood‚Äù journals at least clarify their positions on this issue through annual editoria‚Ä¶",Negative
"What are the #EDI or #JEDI innitiatives at your University that have been successful, and this has been proven by their evaluation?  #AcademicTwitter #AcademicChatter #EDISTEM #OpenScience",Neutral
RT @DrRobertshaw: When your husband has graduated from his PhD and his supervisor is the Pro-vice Chancellor @DerbyUniVC ‚Ä¶..!! Beyond proud‚Ä¶,Positive
RT @tdcmiller: Xtik'oje' ka'i' qach'atal! Our #LASA2022 panels were accepted! So excited for this interdisciplinary exchange weaving #anthr‚Ä¶,Positive
"We are available to help you

#AcademicTwitter #PayAssignment #EssayDue #AssignmentHelp #Homeworkhelp #Homework #OnlineClasses #SomeoneHelp #AssignmentDue #essayhelp #Domyhomework #essaywrite #amwriting #Paysomeone #EssayPay
https://t.co/jhalWIGYP7",Neutral
"RT @AbhiLenka11: One of the ""must-read"" Neurology articles of 2021! 

#neurotwitter #Parkinsons 
@GreenJournal #AcademicTwitter 
https://t.‚Ä¶",Neutral
"Hi @AcademicChatter
I‚Äôm looking for a video editing software to make a video for a presentation. Would you please let me know of any cool software to work with?
The software should have enough features to make a video like this https://t.co/FDkSw11PYi

#A",Neutral
"DM for exceptional essays &amp; high-grade research papers

#AcademicTwitter
#PayAssignment
#EssayDue
#AssignmentHelp
#Homeworkhelp
#Homework
#OnlineClasses
#SomeoneHelp
#AssignmentDue
#essayhelp
#Domyhomework
#essaywrite
#amwriting
#Paysomeone
#EssayPay
",Neutral
Wanna dip your toes into #research before committing to #gradschool? And get a stipend while at it? Then this is for you!üëáüèΩ#AcademicTwitter https://t.co/P8ml8zowDJ,Neutral
"RT @correia65: My recent blog post on ""The Many Facets of Scholarly Publication: Let's Find More Ways to Shine.""
Because of advances in dig‚Ä¶",Neutral
"RT @UNOSCCJ: Hey #AcademicTwitter! Drs. @sadaf_hashimi, @JessieHuff19, @KearnsErinM &amp; @jnixy are recruiting a PhD student for Fall 2022 to‚Ä¶",Neutral
"RT @sffed: A huge thank you to @cwclub and @Lenny_Mendonca for hosting @MaryDalyEcon today! In case you missed it, you can read her full sp‚Ä¶",Positive
"RT @VolkanTopalli: Happening right now at #ASC2021, @ElijaAnderson is calling into the amazing pre-conference workshop led by @DrJWilliams4‚Ä¶",Neutral
"RT @jae_strandberg: Spookiest costume at an academic Halloween party.

@OpenAcademics #AcademicTwitter #Reviewer2 https://t.co/qDIVdwSwOS",Positive
"A huge thank you to @cwclub and @Lenny_Mendonca for hosting @MaryDalyEcon today! In case you missed it, you can read her full speech on ‚ÄúPolicymaking in a Time of Uncertainty‚Äù here: https://t.co/z653qOidgw | #EconTwitter #AcademicTwitter",Positive
"Tonight I am reconciling with the fact that my thesis research probably wasn't designed in the best possible way, but I have learned so much from this and will continue on making the most sensible conclusions I can. #academia #AcademicTwitter",Negative
"Disappointed that after spending hours on the phone with Apple support, I can't recover the 3-year-old note folder I used to keep track of all my research ideas. It must've had over 75 paper topics! #AcademicTwitter how do you keep track of your ideas? I ",Negative
Sharing my Traditional Medicine I presented and this will also be my thesis #Graduateschool #AcademicTwitter #AcademicChatter #phdchat #phdlife #Phdvoice #AcademicMedicine #PublicHealth #MPH #India https://t.co/wIqIsz25Bj,Neutral
"RT @PowerNotesApp: Coming soon üßô‚Äç‚ôÄÔ∏è When you search from your browser, PowerNotes will also show results from your school library database.‚Ä¶",Neutral
RT @DrHelenECollin1: Shameless self promotion: check out my first AHA oral presentation on my the work in my newly established lab at @LouD‚Ä¶,Neutral
"Oh hey, there was a deadline tomorrow I completely spaced on. Cool cool cool cool. 

#AcademicTwitter #AcademicChatter https://t.co/UgCyYG083G",Negative
"Xtik'oje' ka'i' qach'atal! Our #LASA2022 panels were accepted! So excited for this interdisciplinary exchange weaving #anthropology, #linguistics, and #literary studies. Xtiqatz'eta' qi' ke la pa San Francisco! #Maya #Guatemala #Kaqchikel #IndigenousStudi",Positive
"Staggering numbers !! üò±

I hope the ‚Äúgood‚Äù journals at least clarify their positions on this issue through annual editorial pieces, explicitly and honestly explaining what (and how) they have done to reward the peer-reviewers over the year!ü§î
 
#Academic",Negative
Congratulations to all the contributors to the ‚ÄúPandemic Phenomenology‚Äù Special Issue of the Education Review Journal. https://t.co/EwzCFHvdVt @MsPearlOCDSB @yettersmetters #phenomenology #pandemic #poetic #artsed  #dance #AcademicTwitter @phecrc_grads @P,Neutral
"Closing soon ‚è≥ Graduate position in evolutionary biology - apply by 20 Nov 2021
#BiologicalSciences #Biology #AcademicTwitter #sciencejobs #STEM #students #phd #Science #researchjobs #academicjobs #phdlife #research #StudyinCanada üá®üá¶ https://t.co/QBpEvt",Neutral
"What is your fav (soc sci) academic book review ( single, or one that brings multiple books together)? Looking for examples you love b/c of writing, substance, argumentation, pithiness, poignant articulation.. any reason aesthetic or normative or substant",Neutral
"Woah! So cool! I'm so happy and proud right now!

#AcademicTwitter #AcademicChatter https://t.co/Xqix1nVsgu",Positive
"Do PhD/early career folks have a section on ""paper workshops"" or workshops attended separate from conference presentation? Frowned upon? Where does it go? Thank you @AcademicChatter #AcademicTwitter !",Negative
"RT @ajgradilla: Say NO to neoliberal policy for higher ed. It's garbage. 
Colleges explore a new three-year bachelor‚Äôs degree program #Acad‚Ä¶",Negative
"PAUSE

A pause, a walk, or some silence can help the words flow. If you have been stuck, have some alone time, and see what comes when you get back to the computer. 

#AcWriMo #VirtualNotViral #AcademicTwitter #PhdChat https://t.co/T3kLTsiNzS",Neutral
RT @brassell_a: When you try to explain the viva process to family &amp; friends‚Ä¶ you call upon  @sexeducation @NetflixUK #sexeducation #PhD #P‚Ä¶,Neutral
"RT @Sam_Goodfello_w: My amazing partner @mbvalenz95 got me this to celebrate my first publication in my thesis lab and I mean, I just can‚Äôt‚Ä¶",Positive
RT @13adh13: I know a lot of y'all are following me for useful tips in navigating academic writing and surviving grad school so I collabora‚Ä¶,Neutral
My Master‚Äôs thesis is now available for public access through the @unlvlibraries database. Please feel free to download and share with your networks üòä #COMMTwitter #Rhetoric #AsianAmericanStudies #AcademicTwitter https://t.co/wjhCqHZGGD,Positive
"RT @Florenc00526929: If I won $1mlln on the lottery,  I'd be able to buy three academic textbooks. A girl can dream. 

#AcademicTwitter",Negative
When you try to explain the viva process to family &amp; friends‚Ä¶ you call upon  @sexeducation @NetflixUK #sexeducation #PhD #PhDone #phdchat #AcademicChatter #AcademicTwitter #phdlife #PhDlife #viva #defense @AcademicChatter @PhdExhausted https://t.co/14,Neutral
"My book is finally available for purchase! Help an early career academic out. :)  #academictwitter #humananimalbond #animalwelfare #socialwork #veterinarysocialwork #animalwelfare 
https://t.co/L2gBPjqJ1i https://t.co/rjigPbexY7",Positive
I know a lot of y'all are following me for useful tips in navigating academic writing and surviving grad school so I collaborated with @scholarcy to put you on to one of the most useful tools I've come across #AcademicTwitter. https://t.co/PWfQm3dvSx,Neutral
"If I won $1mlln on the lottery,  I'd be able to buy three academic textbooks. A girl can dream. 

#AcademicTwitter",Negative
"DM for exceptional essays &amp; high grade research papers
#AcademicTwitter
#PayAssignment
#EssayDue
#AssignmentHelp
#Homeworkhelp
#Homework
#OnlineClasses
#SomeoneHelp
#AssignmentDue
#essayhelp
#Domyhomework
#EnglishClass
#essaywrite
#amwriting
#PayEssay",Neutral
When it has been 2 days and you still can't figure out your R error. #phdchat #AcademicTwitter https://t.co/6h9z4wprHl,Negative
"Fellow academics: random question, but does an MA degree enable you to put the letters after your name, or is it just not done? Don‚Äôt wish to brag, just intrigued!üòÖ #graduateschool #postgraduate #masters #madegree #graduate #AcademicTwitter",Neutral
"RT @LuisaBorrell: This is an interesting piece about peer review: ""Although often not publicly identified, the personalities and life exper‚Ä¶",Neutral
Joking. We used the notes. #quiz #teacher #math #twitterteacher #middleschool #slope #student #teachertwitter #AcademicTwitter https://t.co/nhDPTXL5Fv,Neutral
"Do professors really know what their students say about them on https://t.co/wifP8lQDHp ?

#AcademicTwitter 
#AcademicChatter",Neutral
Has anyone ever gone on a writing retreat before? Where did you go and did it help? @AcademicChatter #AcademicTwitter,Neutral
This is the way. #teaching #lifegoals #AcademicTwitter https://t.co/CxEHFVXhyX,Negative
"""""...high levels of care,‚Äù he said, ‚Äúand now I wonder if it has more to do with the number of providers who conclude they must leave for their own mental health.‚Äù"" https://t.co/l8prMjTky4 #AcademicTwitter @AcademicChatter #ProfessorIsOut #NotDyingToTeach ",Negative
RT @RoselynPeters16: Can‚Äôt wait to get to Puerto Rico for The Society for the Scientific Study of Sexuality this weekend!! üìàü§ì #AcademicTwit‚Ä¶,Positive
"I just want to shoutout the amazing graduate students that inspire faculty to return to work everyday. Thank you! 

I appreciate your passion and drive. 

#AcademicTwitter https://t.co/wW8Uvz340M",Positive
"üê∂ meraki is open

Goodmorningg!! Meraki is now open for commissions‚Äî both rush and non-rush coms. Don't be shy to drop in my dms üòÅ

#commissionsopen #commissionsph #essay #module #pagawa #infographics #ppt #acadhelp #academictwitter #comstwt",Positive
"RT @nellstra: Please share widely!

#twitterstorians #AcademicTwitter",Neutral
RT @Liar_RKasberg: @chron @UTAustin Maybe they‚Äôll take CHILD RAPIST Path liar @TuftsDental #RobertKasberg - so many faculty have fled @Tuft‚Ä¶,Negative
"""Students involved in the sit-in ‚Äî the longest in Howard‚Äôs history ‚Äî celebrated the agreement as a victory."""" https://t.co/of3AIvZIVK @katebellows @chronicle #AcademicTwitter @AcademicChatter @HowardUniv #BlackintheIvory",Positive
"RT @heymsnailah: The stress that is #academia &amp; being #blackinstem . 
So glad I escaped from that life. 
Lord knows‚Ä¶I‚Äôm praying for you, si‚Ä¶",Negative
"The stress that is #academia &amp; being #blackinstem . 
So glad I escaped from that life. 
Lord knows‚Ä¶I‚Äôm praying for you, sis! 

üôèüèæüëäüèæü§ìüìö

#mentalhealth #academicmentalhealth
@AcademicChatter @academicvoices #academictwitter @BLACKandSTEM #gradschoo",Negative
"@Novartis are looking for scientific writers in the UK and Ireland. Lots of opportunities, including for those looking to move out of academia:

https://t.co/pTmBZHYf5x

#nowhiring #phdchat #AcademicTwitter #Careers",Neutral
"What I thought I would do today: write letters of recommendation!
What I actually did: answer email. So. Much. Email. 
#iteachphysics #academictwitter",Negative
"DM for exceptional essays and high grade research papers
#AcademicTwitter
#EssayPay
#Homeworkhelp
#amwriting
#PayEssay
#AssignmentHelp
#Paysomeone
#essayhelp
#Homework
#OnlineClasses
#SomeoneHelp
#Domyhomework
#EnglishClass
#essaywrite
#AssignmentDue
#Ess",Neutral
"Coming soon üßô‚Äç‚ôÄÔ∏è When you search from your browser, PowerNotes will also show results from your school library database. 

Learn more about the ins and outs of PowerNotes here https://t.co/9PvOUqrIuK #phdchat #AcademicTwitter https://t.co/ifvdO1b22j",Neutral
"RT @AcademicLifeNBN: ICYMI: üéô@j_cobbina talks with us about researching racial injustice and üìö Hands Up Don‚Äôt Shoot. 
#AcademicTwitter 
@Ne‚Ä¶",Negative
"There is still time to register for the Melted Cheese webinar happening today; starts in just 30 minutes! You will get the recording, even if you can't make it live. @AcademicChatter #MentalHealthMatters #ProfessorIsOut #NotDyingToTeach #AcademicTwitter h",Neutral
"Hello. Do you have essays and assignments due this week? I can help you beat the deadline. Please DM.
#Essay #assignment #Onlineclass #homework #help #pay #due #write #college #schoolwork #AcademicTwitter  #Quizzes #Midterm #researchpaper #termpaper #uni ",Neutral
"While you wait for Overleaf to come back online in time for #CVPR deadlines read the paper digest for MAE

Masked Autoencoders Are Scalable Vision Learners by Kaiming He and the team at @MetaAI

https://t.co/KcQJpkZ3wH

#MachineLearning #AcademicTwitter #",Neutral
RT @SharynHickey: .#postdocposition Come work w/ me @ben_radford @langloisoceans Simon de Lestang on @IOMRC_Science project mapping WA mari‚Ä¶,Neutral
"Master's opportunity ‚ö†
Postdoctoral Fellow: Single-molecule microscopy of RNA-based medicines and vaccines  - apply by 15 Mar 2022 - please share widely!
#MedTwitter #HealthSciences #students #master #AcademicTwitter #Science #researchjobs https://t.co/xt",Neutral
#AcademicTwitter Retweet to ensure this great opportunity is shared with students at all levels of their studies who may be interested in #polymers and #biomaterials research. (My opinion) UD IS THE PLACE TO BE for exciting and rapidly expanding materials,Neutral
"Looking to follow all black professors, professionals, students and more in the political science space. #AcademicTwitter #AcademicChatter",Neutral
"Like, I want to be on #DisabilityTwitter and #AcademicTwitter and #LawTwitter and #FIRETwitter and #PolyamTwitter and #PKMTwitter and local #MinneapolisTwitter all at the same time and it's not working out.",Neutral
"I was cited for the first time!

It feels profoundly validating that someone would not only read my work but include it within their own.

What was your feeling the first time you were cited?
@OpenAcademics #AcademicChatter #AcademicTwitter",Positive
"Even if you are a Nobel prize laureate, you can continue with organizing labmeetings for your students üòÅüëè #phdchat #AcademicTwitter #inspiration https://t.co/JDCYTIRJJV",Positive
"RT @BrunsMoore: Sometimes the thought of being able to choose ""Dr"" instead of ""Mrs"" on drop-down menus one day is the biggest motivation to‚Ä¶",Positive
"A month after suspending my #phd I learned that if I am not busy with work, with the house/kid or Netflix, I don't know what to do with myself. I've suspended until January. Is it worth finding a new hobby? #AcademicTwitter #AcademicChatter @PhDForum tell",Negative
"Hypothetical question: if all the adjunct/contract positions out there were combined/converted to full-time tenure track positions, would there still be a job shortage for Humanities PhDs? #AcademicTwitter",Neutral
"Has anyone participated in a mental health workshop @ your university (as student, faculty, or staff) that you found to be really effective? Hoping to organize something for our dept &amp; would appreciate any suggestions! #AcademicTwitter #AcademicChatte",Neutral
"Superb compilation of advice, pros, cons, &amp; general feeling during the academic funambulism. ‚ÄòAcademic funambulism‚Äô is more apt than ‚Äòclimbing the academic ladder‚Äô don‚Äôt you think? Because there ain‚Äôt no cushions at the end of this ladder ü§£#AcademicT",Negative
"Professor A: I can't teach this class online because I don't have an office in my apartment
Professor B: *turns off the camera to breastfeed her baby and continues teaching comparative linguistics*
Professor C: *dog appears on camera and steals her notes*",Negative
"Today is my https://t.co/AttKZ921m0 Convocation.
I am grateful to God.

https://t.co/AttKZ921m0. Sociology
(Demography)
#PhDgoal
#AcademicTwitter
#UIConvocation https://t.co/gXtpTuUtkK",Positive
"üö®JOB ALERT - Editor/ Associate Research Consultant - Masis Professional Group - Rockland, MA

#altac #AcademicChatter #AcademicTwitter #phdchat #adjunct #postdoc #hiring 
https://t.co/v5o4wySwGK",Neutral
"This is an interesting piece about peer review: ""Although often not publicly identified, the personalities and life experiences of our referees affect their reviewing practices."" #AcademicTwitter #AcademicChatter #epitwitter  https://t.co/erImQyUnMX https",Neutral
"Associate Profs be like ""Nah, I don't review""? ü§î

#AcademicTwitter #CrimTwitter #AcademicChatter #PeerReview https://t.co/9MlnDuiKGT",Negative
"Please share widely!

#twitterstorians #AcademicTwitter https://t.co/51AazHLbVv",Neutral
"New Academic Journal Is So Exclusive It Boasts a 0% Acceptance Rate 

https://t.co/okeeghTFh3 via @wordpressdotcom 
#AcademicTwitter",Neutral
"ICYMI: üéô@j_cobbina talks with us about researching racial injustice and üìö Hands Up Don‚Äôt Shoot. 
#AcademicTwitter 
@NewBooksAfroAm @NewBooksNetwork @AcademicChatter @PhDfriendSana @PhDForum 

https://t.co/BRRGcWrHX9",Negative
New 3i Investigator Article Alert!! Is It Good to Have a Stiff Aorta with Aging? Causes and Consequences  https://t.co/HT0Sqn6QGG #sciencetwitter #academictwitter,Neutral
"I snuck Luka into my social psych class (40 ppl) today‚Äî oh my god he was SUCH A GOOD BOY ü§ìüê∂ü•∞ Based on their 2 min reflections, the students loved it too! #adjunct #AcademicChatter #AcademicTwitter #psychtwitter https://t.co/zqx0HjMd4c",Positive
RT @gradschoolsinfo: Research the accreditations of both the university and specific degree program you are interested in. Need help findin‚Ä¶,Neutral
"Happening right now, @Kat_Albrecht is doing a fascinating pre-conference workshop at #ASC2021!!

An Introduction to Computational Criminology

#AcademicTwitter #crimtwitter

@gsucjc @aysps @ASCRM41 https://t.co/55ttfE5OCJ",Positive
Current read from Katherine Osburn. #twitterstorians #AcademicTwitter #BookTwitter https://t.co/aEPgnmQ3gE,Neutral
"Department of #Computer #Science @RitchieSchool @UofDenver (DU) is building an academically &amp; culturally diverse faculty and staff who teach and work in a supportive environment.
We are hiring (FYI): 
https://t.co/UkzLGUpGr3
Spread the word! :)
RT app",Positive
"Happening right now at #ASC2021, @ElijaAnderson is calling into the amazing pre-conference workshop led by @DrJWilliams4!!!!

‚ÄúForegrounding Critical Qualitative Methodologies in Criminology‚Äù

@ASCRM41 @ASCDPCC #AcademicTwitter #crimtwitter https://t.co/v",Neutral
I have some spots in December if you want to participate in my research. #AcademicTwitter #midwifery #doulawork #reproductiverights https://t.co/0hyZXmJhTM,Neutral
"RT @adamdsteer: note to ... well ... everyone: 

git is an awesome tool for organising research tasks and documentation. next step, full on‚Ä¶",Positive
"#ECR #Showcase in @Macquarie_Uni  is back again!
12 Finalists from 4 Faculties will present their #GroundBreaking research of the future! Join us to support the finalist and enjoy this #FestivalOfScience #AcademicTwitter  
https://t.co/sm2lvrKgsO",Positive
15 days. Really. I paid 100 Euros for 15 days visa (not including document prep). Everyone should be aware of waste of the money. The money that was given for scientific research from public funds. #AcademicTwitter #AcademicChatter,Negative
"I've always wondered what would happen if I wrote back to an academic job rejection email and simply put ""why not me?"" #academicjobs #AcademicMentalHealth #AcademicTwitter",Negative
"Hi, #AcademicTwitter Any advice on how to transform a paper into a poster? I'm having a hard time doing it right now. #phdvoice",Negative
"Any suggestions on books, resources, videos, or otherwise that helped you connect back to your quantitative side after being away in Qualitative land for awhile? #research #facultyprobz #AcademicChatter #AcademicTwitter #askingforme",Neutral
"RT @ASHAJournals: The Role of Talker Variability in Nonnative #Phonetic Learning: A Systematic Review and Meta-Analysis by Xiaojuan Zhang,‚Ä¶",Neutral
"‚Ä¢ To Do List Blank Pages. ‚Ä®‚Ä¢ Weekly Reflections Blank Pages. ‚Ä®‚Ä¢ High-resolution interior Pages. ‚Ä®‚Ä¢ Soft Paperback. ‚Ä®‚Ä¢ 120 Blank Pages. ‚Ä®‚Ä¢ 6"" x 9"" size 

#AcademicTwitter #book #gratitude #amwriting #journaling #buyblack #BlackOwnedBusinesses #bossbitch #A",Positive
#AcademicTwitter my article has been publishedüìäüì∞üî¨üß¨üß´ #BasicClinicalPharmacologyToxicology https://t.co/GkdRmtjCZh,Positive
Coming out of PhD‚Ä¶. @PhDVoice #AcademicTwitter #phdlife #phdchat https://t.co/izimxhurBb,Positive
RT @CSPG_GCEP: We are only 10 days away from ‚ÄòA Polite Parliament‚Äô. Join us on November 26 for a spirited discussion featuring academics an‚Ä¶,Neutral
"RT @mutantkid89: Really inspiring journey! Do give it a read people.
@PhDForum @PhDstudent_life @PhDVoice @GradStudentTho1 @PostDocsForum‚Ä¶",Positive
"The Role of Talker Variability in Nonnative #Phonetic Learning: A Systematic Review and Meta-Analysis by Xiaojuan Zhang, Bing Cheng, &amp; Yang Zhang https://t.co/iSZH9cW6Xf #AcademicTwitter @AcademicChatter @SIGPerspectives #JSLHR #slpeeps #slp2b @SLPeep",Neutral
This list is not just impressive for the total number of @DukeEnvironment faculty on it but for the diversity of subjects covered where they excel. #research #impact #innovation #AcademicTwitter #Excellence @DrBioGC https://t.co/HCEOU1E46Z,Positive
"This teacher sums up the secret thoughts I wish I could write, during some journal peer reviews. 

These words you use, a hostage situation of words and sentences‚Ä¶üòÇ #AcademicTwitter https://t.co/SPjJXbPsEo",Positive
"And this podcast is live and ready for listening ears! Researchers look over here! 
#AcademicTwitter #AcademicChatter #phdchat https://t.co/5ECxlwXvYG",Neutral
"Can we have ""Cis Accountability"" instead of ""Trans Awareness?"" 

#trans #phdchat #phdlife #AcademicTwitter #AcademicChatter #TransAwarenessWeek #TransIsBeautiful",Negative
"D√∂nitz's case fits the same category as other military men, such as Wilhelm Keitel, Armed Forces chief. Other military men I will address in the research soon: Erich Raeder and Alfred Jodl. We will see how those narratives turn out. #Holocaust #AcademicTw",Neutral
Can‚Äôt wait to get to Puerto Rico for The Society for the Scientific Study of Sexuality this weekend!! üìàü§ì #AcademicTwitter #AcademicChatter #phdlife https://t.co/NuI3TM0nWq,Positive
"Have you ever had a joint social media account in a romantic relationship? I‚Äôm recruiting for a research study! Please DM or email me if you‚Äôre interested or have any questions. Also, please RT to help spread the word! Thank you! #AcademicTwitter #Academi",Neutral
"Today in my World #Cinema class at the @UofTampa, we‚Äôre watching ‚ÄúMan with a Movie Camera.‚Äù Seen it, thoughts? I find it is an experimental precursor to Instagram and other SM in that it‚Äôs not ‚Äòlife‚Äô as much as a carefully constructed image of life. #Film",Neutral
RT @phdjourney07: How I handle stressful situations #AcademicTwitter #phdlife #phdchat @PhDVoice @OpenAcademics @AcademicChatter https://t.‚Ä¶,Negative
VIRTUAL CLASSES START THIS WEEK! Comment for info üíÉüèªüíÉüèªüíÉüèª#Professional #blazersandburlesque #professionals #stressrelief #Stressed #Dance #toning #Doctors #Lawyers #AcademicTwitter #Surgeons #MedicalStudents #lawstudents #finalsweek https://t.co/CtZ3,Positive
"My PhD is a cycle of convincing myself that next month will be quieter, when the reality is that I know full well that every month becomes busier than the last üòÖ it‚Äôs a good thing I love my research üòÇüß´ #phdlife #AcademicTwitter #phdchat",Negative
"Moving overseas to do your degree can be daunting - and there's a lot to learn from the experience (by @MijkeMulder) 
https://t.co/AlZczerZWV 
#PhDchat #AcademicTwitter https://t.co/bngz1thDfa",Negative
"Research question for my academic friends: any recs for resources on preparing and submitting supplementary materials (e.g., data, code, codebook)? #AcademicTwitter",Neutral
"Since I'm sorta on #AcademicTwitter, does someone know about clinical or media #Anthropology ? I recently read a psych-based clinical ethnography, and whatever that was seems to be the specific kind of research I want to do. üßê",Neutral
"RT @GarnetBadal: PhD student‚Äôs Twitter, LinkedIn, ResearchGate üò™ #AcademicTwitter #AcademicChatter #phdlife https://t.co/KK2cmWdc7H",Neutral
"Glory to God üôèüôåüèª

https://t.co/3Yxq6roM9T Computer Science ‚úÖ 
https://t.co/RxmRew0nPu Computer Science ‚úÖ
Ph.D Computer Science ‚úÖ

We start dying the day we stop learning, as I no wan die yet nko, Post-Doc here I come‚Ä¶ ‚úàÔ∏è 
#PhDChat #AcademicTwitter #Aca",Positive
"Career Feature on ""Intellectual Property"" @Nature 

 üëâ Never disclose your idea, until you own your idea, i.e., until the patent certificate is granted""

#postdocs #phds #masters #bachelors #academictwitter
@PostdocVoice @PhDVoice @Brainstorming03 

http",Negative
"RT @itsMaherSaid: Had a nightmare over the weekend that I pulled up a calculator during a research meeting to figure out what 8% of 70 was,‚Ä¶",Negative
"RT @DOAJplus: #DOAJ Founder @elbjoern0603 will be in conversation with @chodacki, as part of #OpenPublishingFest. 

WHEN: Thursday 18th Nov‚Ä¶",Neutral
"I submitted my thesis! MSc complete. üòé

#gradschool #writers #complete #AcademicTwitter",Positive
"Research the accreditations of both the university and specific degree program you are interested in. Need help finding an online degree program? We can help connect you with options! 

#highereducation #academictwitter #academicchatter #onlinelearning #d",Neutral
"If writing creates a lot of shame and fear for you, I invite you to get your writing DONE during my online writing retreat on Nov 20! Come hang out with me and the community, get writing done, and feel great about it!  
https://t.co/pM76uDtZ3f #acwri #Aca",Neutral
"#DOAJ Founder @elbjoern0603 will be in conversation with @chodacki, as part of #OpenPublishingFest. 

WHEN: Thursday 18th November 10AM PT/7pm CET/6pm GMT.

The conversation will be broadcast: https://t.co/jLzBx3duct

#Scholcomm #openaccess #AcademicTwitt",Neutral
"PhD student‚Äôs Twitter, LinkedIn, ResearchGate üò™ #AcademicTwitter #AcademicChatter #phdlife https://t.co/KK2cmWdc7H",Neutral
Where would you put International Conference Planning Committtes in your CV? #AcademicTwitter #AcademicChatter #phdlife #phdchat #phdadvice,Neutral
"'Be a Mentor' Chamber Link Uses Virtual Platform to Help Hayward Young People 
Click the link to fill out the form for more information
  https://t.co/zmRmELyg8M

#mentoring #volunteer #AcademicTwitter https://t.co/mrcCt2GftN",Neutral
"Anyone else on Research Gate?  https://t.co/nVUgN8PaqT

#Philosophy #AcademicTwitter",Neutral
